"year","wld_id","eci"
2000,"afago",-1.56387
2000,"afciv",-1.19945
2000,"afcmr",-1.86252
2000,"afcog",-1.18153
2000,"afdza",-0.516799
2000,"afegy",-0.14477
2000,"afeth",-1.13063
2000,"afgab",-0.466775
2000,"afgha",-1.0859
2000,"afgin",-1.39932
2000,"afken",-0.990059
2000,"aflbr",-0.973432
2000,"aflby",-0.62552
2000,"afmar",-0.576761
2000,"afmdg",-1.39507
2000,"afmli",-0.420333
2000,"afmoz",-0.198316
2000,"afmrt",-0.977348
2000,"afmus",-0.937869
2000,"afmwi",-1.88357
2000,"afnga",-1.40428
2000,"afsdn",-1.39062
2000,"afsen",-1.04957
2000,"aftun",0.0161367
2000,"aftza",-1.3557
2000,"afuga",-1.48686
2000,"afzaf",0.438638
2000,"afzmb",-0.793353
2000,"afzwe",-0.531129
2000,"asare",-0.263693
2000,"asaze",-0.105049
2000,"asbgd",-1.03418
2000,"aschn",0.26445
2000,"asgeo",0.561265
2000,"ashkg",0.565384
2000,"asidn",-0.0465448
2000,"asind",0.152905
2000,"asirn",-0.599349
2000,"asisr",1.25126
2000,"asjor",0.466712
2000,"asjpn",2.35193
2000,"askaz",0.0138728
2000,"askhm",-1.26098
2000,"askor",1.09177
2000,"askwt",-0.598712
2000,"aslao",-1.13154
2000,"aslbn",0.0120076
2000,"aslka",-0.686109
2000,"asmng",-0.845786
2000,"asmys",0.614031
2000,"asomn",-0.208679
2000,"aspak",-0.795822
2000,"asphl",-0.176072
2000,"asqat",-0.405426
2000,"asrus",0.828175
2000,"assau",0.242398
2000,"assgp",1.39709
2000,"assyr",-1.03894
2000,"astha",0.323835
2000,"astur",0.212341
2000,"asuzb",-0.430372
2000,"asvnm",-0.715529
2000,"asyem",-1.33394
2000,"eualb",-0.221006
2000,"euaut",1.68916
2000,"eubel",1.57035
2000,"eubgr",0.488015
2000,"eubih",0.19964
2000,"eublr",0.597293
2000,"euche",2.12261
2000,"eucze",1.55234
2000,"eudeu",2.25528
2000,"eudnk",1.56246
2000,"euesp",1.17698
2000,"euest",0.346433
2000,"eufin",1.88347
2000,"eufra",1.6592
2000,"eugbr",1.96008
2000,"eugrc",0.352587
2000,"euhrv",0.692979
2000,"euhun",1.08822
2000,"euirl",1.57258
2000,"euita",1.47886
2000,"eultu",0.143605
2000,"eulva",0.100229
2000,"eumda",0.167478
2000,"eumkd",-0.225418
2000,"eunld",1.37108
2000,"eunor",0.858657
2000,"eupol",1.03185
2000,"euprt",0.609316
2000,"eurou",0.578479
2000,"eusvk",1.43909
2000,"eusvn",1.38839
2000,"euswe",2.038
2000,"euukr",0.734411
2000,"nacan",1.11201
2000,"nacri",-0.66427
2000,"nacub",-0.937819
2000,"nadom",-0.661183
2000,"nagtm",-0.985698
2000,"nahnd",-1.21554
2000,"najam",-0.810932
2000,"namex",0.869657
2000,"nanic",-1.32059
2000,"napan",-0.242967
2000,"naslv",-0.843924
2000,"natto",-0.0236306
2000,"nausa",1.94247
2000,"ocaus",0.134223
2000,"ocnzl",0.5878
2000,"ocpng",-1.36825
2000,"saarg",0.34191
2000,"sabol",-0.718373
2000,"sachl",0.240556
2000,"sacol",0.285601
2000,"saecu",-0.737469
2000,"saper",-0.237957
2000,"sapry",-0.452485
2000,"saury",0.363476
2000,"saven",0.0836191
2001,"afago",-2.03903
2001,"afciv",-0.751084
2001,"afcmr",-1.55093
2001,"afcog",-1.45165
2001,"afdza",-0.977625
2001,"afegy",-0.565762
2001,"afeth",-1.24489
2001,"afgab",-1.62481
2001,"afgha",-0.895186
2001,"afgin",-1.09238
2001,"afken",-0.50334
2001,"aflbr",-0.439633
2001,"aflby",-1.18215
2001,"afmar",-0.475226
2001,"afmdg",-0.922946
2001,"afmli",-0.61193
2001,"afmoz",-1.03166
2001,"afmrt",-1.21989
2001,"afmus",-0.255768
2001,"afmwi",-1.20178
2001,"afnga",-2.13092
2001,"afsdn",-1.8686
2001,"afsen",-0.367738
2001,"aftun",0.254263
2001,"aftza",-1.36937
2001,"afuga",-1.23639
2001,"afzaf",0.0444242
2001,"afzmb",-1.07133
2001,"afzwe",-1.10523
2001,"asare",-0.267841
2001,"asaze",-0.823089
2001,"asbgd",-0.632252
2001,"aschn",0.552223
2001,"asgeo",-0.0727987
2001,"ashkg",1.24024
2001,"asidn",0.0445649
2001,"asind",0.300856
2001,"asirn",-1.1024
2001,"asisr",1.21433
2001,"asjor",0.573668
2001,"asjpn",2.69553
2001,"askaz",-0.326478
2001,"askgz",-0.178439
2001,"askhm",-0.651227
2001,"askor",1.39326
2001,"askwt",-0.760536
2001,"aslao",-0.750233
2001,"aslbn",0.195049
2001,"aslka",-0.431375
2001,"asmng",-0.799226
2001,"asmys",0.951609
2001,"asomn",-0.579687
2001,"aspak",-0.58497
2001,"asphl",-0.0667033
2001,"asqat",-0.492541
2001,"asrus",0.522692
2001,"assau",0.10337
2001,"assgp",1.43961
2001,"assyr",-1.03328
2001,"astha",0.562424
2001,"astkm",-1.24864
2001,"astur",0.193288
2001,"asuzb",-0.595434
2001,"asvnm",-0.458214
2001,"asyem",-1.29711
2001,"eualb",-0.263894
2001,"euaut",1.72783
2001,"eubel",1.23801
2001,"eubgr",0.468498
2001,"eubih",0.44844
2001,"eublr",1.02721
2001,"euche",2.1122
2001,"eucze",1.52624
2001,"eudeu",2.09237
2001,"eudnk",1.31634
2001,"euesp",1.08236
2001,"euest",0.726484
2001,"eufin",1.87205
2001,"eufra",1.48646
2001,"eugbr",1.89816
2001,"eugrc",0.154882
2001,"euhrv",0.810087
2001,"euhun",1.05959
2001,"euirl",1.616
2001,"euita",1.48808
2001,"eultu",0.519029
2001,"eulva",0.5477
2001,"eumda",-0.0764835
2001,"eumkd",0.0593273
2001,"eunld",1.1273
2001,"eunor",0.459097
2001,"eupol",1.04016
2001,"euprt",0.815259
2001,"eurou",0.650218
2001,"eusvk",1.30369
2001,"eusvn",1.46936
2001,"euswe",1.94339
2001,"euukr",0.633347
2001,"nacan",0.744852
2001,"nacri",-0.110755
2001,"nacub",-0.917511
2001,"nadom",-0.931224
2001,"nagtm",-0.172438
2001,"nahnd",-0.790927
2001,"najam",-0.684027
2001,"namex",1.11637
2001,"nanic",-0.637858
2001,"napan",0.467628
2001,"naslv",0.0843264
2001,"natto",0.182834
2001,"nausa",1.6831
2001,"ocaus",-0.276514
2001,"ocnzl",0.121313
2001,"ocpng",-1.16616
2001,"saarg",0.0075085
2001,"sabol",-0.694987
2001,"sachl",-0.0882959
2001,"sacol",0.22799
2001,"saecu",-0.955948
2001,"saper",-0.47225
2001,"sapry",-0.857862
2001,"saury",0.0642599
2001,"saven",-0.0843247
2002,"afago",-1.98549
2002,"afciv",-0.853307
2002,"afcmr",-1.31694
2002,"afcog",-1.73876
2002,"afdza",-0.822845
2002,"afegy",-0.514916
2002,"afeth",-1.58331
2002,"afgab",-1.41511
2002,"afgha",-1.30126
2002,"afgin",-1.48464
2002,"afken",-0.425889
2002,"aflbr",-0.525421
2002,"aflby",-0.988361
2002,"afmar",-0.369812
2002,"afmdg",-1.00638
2002,"afmli",-0.913633
2002,"afmoz",-0.767183
2002,"afmrt",-0.967412
2002,"afmus",-0.283396
2002,"afmwi",-1.49496
2002,"afnga",-1.36026
2002,"afsdn",-1.43191
2002,"afsen",-0.307998
2002,"aftun",0.135835
2002,"aftza",-1.44608
2002,"afuga",-1.25025
2002,"afzaf",0.0527204
2002,"afzmb",-0.844522
2002,"afzwe",-0.329109
2002,"asare",-0.259795
2002,"asaze",-0.668349
2002,"asbgd",-0.840535
2002,"aschn",0.663797
2002,"asgeo",0.0629226
2002,"ashkg",1.18943
2002,"asidn",0.0184796
2002,"asind",0.235124
2002,"asirn",-1.03813
2002,"asisr",1.16049
2002,"asjor",0.527427
2002,"asjpn",2.63764
2002,"askaz",-0.396651
2002,"askgz",-0.389203
2002,"askhm",-0.289195
2002,"askor",1.45812
2002,"askwt",-0.69874
2002,"aslao",-0.973495
2002,"aslbn",0.253756
2002,"aslka",-0.396226
2002,"asmng",-0.870147
2002,"asmys",1.00246
2002,"asomn",-0.92934
2002,"aspak",-0.663492
2002,"asphl",-0.117545
2002,"asqat",-0.85105
2002,"asrus",0.718598
2002,"assau",0.167896
2002,"assgp",1.51814
2002,"assyr",-1.04471
2002,"astha",0.567655
2002,"astkm",-1.25602
2002,"astur",0.0974245
2002,"asuzb",-0.801825
2002,"asvnm",-0.444753
2002,"asyem",-1.34184
2002,"eualb",-0.249554
2002,"euaut",1.78976
2002,"eubel",1.18184
2002,"eubgr",0.47551
2002,"eubih",0.455746
2002,"eublr",1.16899
2002,"euche",2.05461
2002,"eucze",1.61843
2002,"eudeu",2.15217
2002,"eudnk",1.31846
2002,"euesp",1.04987
2002,"euest",0.856224
2002,"eufin",1.8937
2002,"eufra",1.5488
2002,"eugbr",1.79361
2002,"eugrc",0.245548
2002,"euhrv",0.962526
2002,"euhun",1.19581
2002,"euirl",1.60851
2002,"euita",1.44831
2002,"eultu",0.490175
2002,"eulva",0.718831
2002,"eumda",-0.0531524
2002,"eumkd",-0.0705683
2002,"eunld",1.08529
2002,"eunor",0.519007
2002,"eupol",1.03651
2002,"euprt",0.734011
2002,"eurou",0.640986
2002,"eusvk",1.32079
2002,"eusvn",1.47138
2002,"euswe",1.98691
2002,"euukr",0.647028
2002,"nacan",0.769898
2002,"nacri",0.0061437
2002,"nacub",-0.912247
2002,"nadom",-0.266667
2002,"nagtm",-0.28457
2002,"nahnd",-0.565022
2002,"najam",-0.505353
2002,"namex",1.09036
2002,"nanic",-0.366351
2002,"napan",-0.263196
2002,"naslv",-0.0182467
2002,"natto",-0.184703
2002,"nausa",1.65071
2002,"ocaus",-0.278447
2002,"ocnzl",0.297404
2002,"ocpng",-1.44203
2002,"saarg",-0.0291209
2002,"sabol",-0.841112
2002,"sachl",-0.16587
2002,"sacol",0.165183
2002,"saecu",-1.0689
2002,"saper",-0.610715
2002,"sapry",-0.874559
2002,"saury",-0.221733
2002,"saven",-0.0428146
2003,"afago",-1.66608
2003,"afbwa",-0.130675
2003,"afciv",-0.75514
2003,"afcmr",-0.804063
2003,"afcog",-1.56769
2003,"afdza",-1.43747
2003,"afegy",-0.428912
2003,"afeth",-1.33075
2003,"afgab",-0.297754
2003,"afgha",-1.10797
2003,"afgin",-1.76507
2003,"afken",-0.335754
2003,"aflbr",-0.143355
2003,"aflby",-0.932048
2003,"afmar",-0.544348
2003,"afmdg",-0.979395
2003,"afmli",-1.59249
2003,"afmoz",-0.641632
2003,"afmrt",-0.665757
2003,"afmus",-0.22571
2003,"afmwi",-1.51448
2003,"afnam",-0.0715201
2003,"afnga",-1.48657
2003,"afsdn",-1.4688
2003,"afsen",-0.299451
2003,"aftun",-0.0585137
2003,"aftza",-1.38446
2003,"afuga",-0.994445
2003,"afzaf",0.158166
2003,"afzmb",-1.10345
2003,"afzwe",-0.422316
2003,"asare",-0.185471
2003,"asaze",-0.822998
2003,"asbgd",-0.935693
2003,"aschn",0.578877
2003,"asgeo",-0.0581443
2003,"ashkg",0.889905
2003,"asidn",0.0062909
2003,"asind",0.254858
2003,"asirn",-0.986122
2003,"asisr",1.26469
2003,"asjor",-0.0575138
2003,"asjpn",2.66402
2003,"askaz",-0.381545
2003,"askgz",-0.465055
2003,"askhm",-0.626131
2003,"askor",1.50253
2003,"askwt",-0.7298
2003,"aslao",-1.07374
2003,"aslbn",0.0600675
2003,"aslka",-0.488909
2003,"asmng",-0.97551
2003,"asmys",0.952954
2003,"asomn",-1.02766
2003,"aspak",-0.785259
2003,"asphl",-0.152521
2003,"asqat",-0.683828
2003,"asrus",0.699684
2003,"assau",-0.157952
2003,"assgp",1.61648
2003,"assyr",-0.97292
2003,"astha",0.565745
2003,"astjk",-0.92478
2003,"astkm",-1.38647
2003,"astur",0.110739
2003,"asuzb",-0.723977
2003,"asvnm",-0.426583
2003,"asyem",-1.78474
2003,"eualb",-0.109943
2003,"euaut",1.88805
2003,"eubel",1.16731
2003,"eubgr",0.452789
2003,"eubih",0.528157
2003,"eublr",1.11731
2003,"euche",2.26374
2003,"eucze",1.63907
2003,"eudeu",2.22438
2003,"eudnk",1.33507
2003,"euesp",0.958014
2003,"euest",0.68101
2003,"eufin",1.88836
2003,"eufra",1.5434
2003,"eugbr",1.83193
2003,"eugrc",0.204318
2003,"euhrv",0.776828
2003,"euhun",1.23719
2003,"euirl",1.49611
2003,"euita",1.50504
2003,"eultu",0.453261
2003,"eulva",0.711119
2003,"eumda",-0.0425166
2003,"eumkd",-0.148515
2003,"eunld",1.11259
2003,"eunor",0.493399
2003,"eupol",0.938386
2003,"euprt",0.727634
2003,"eurou",0.553908
2003,"eusvk",1.32694
2003,"eusvn",1.57251
2003,"euswe",2.08744
2003,"euukr",0.807911
2003,"nacan",0.809698
2003,"nacri",0.0585324
2003,"nacub",-0.767991
2003,"nadom",-0.245899
2003,"nagtm",-0.0873807
2003,"nahnd",-0.398532
2003,"najam",-0.518225
2003,"namex",1.11229
2003,"nanic",-0.690445
2003,"napan",0.519131
2003,"naslv",-0.0184345
2003,"natto",-0.193974
2003,"nausa",1.67863
2003,"ocaus",-0.259433
2003,"ocnzl",0.228062
2003,"ocpng",-1.23688
2003,"saarg",-0.12944
2003,"sabol",-0.644975
2003,"sachl",-0.258509
2003,"sacol",-0.0479319
2003,"saecu",-0.822737
2003,"saper",-0.72728
2003,"sapry",-0.922501
2003,"saury",-0.148124
2003,"saven",-0.267535
2004,"afago",-0.952397
2004,"afbwa",-0.814513
2004,"afciv",-0.855796
2004,"afcmr",-1.41247
2004,"afcog",-1.45815
2004,"afdza",-1.23387
2004,"afegy",-0.518476
2004,"afeth",-1.42733
2004,"afgab",-0.783943
2004,"afgha",-0.898133
2004,"afgin",-0.891688
2004,"afken",-0.450749
2004,"aflbr",-0.251322
2004,"aflby",-1.25284
2004,"afmar",-0.449624
2004,"afmdg",-0.871207
2004,"afmli",-0.970589
2004,"afmoz",-1.06651
2004,"afmrt",-1.77771
2004,"afmus",-0.0671847
2004,"afmwi",-1.35896
2004,"afnam",-0.514811
2004,"afnga",-2.28943
2004,"afsdn",-1.81195
2004,"afsen",-0.405088
2004,"aftun",0.043543
2004,"aftza",-1.14682
2004,"afuga",-0.944978
2004,"afzaf",0.150573
2004,"afzmb",-0.71728
2004,"afzwe",-0.55522
2004,"asare",-0.399928
2004,"asaze",-0.924738
2004,"asbgd",-1.05315
2004,"aschn",0.703504
2004,"asgeo",0.0098037
2004,"ashkg",0.964734
2004,"asidn",-0.0799561
2004,"asind",0.106058
2004,"asirn",-1.0142
2004,"asisr",1.22644
2004,"asjor",0.11441
2004,"asjpn",2.71882
2004,"askaz",-0.523786
2004,"askgz",-0.512301
2004,"askhm",-0.853889
2004,"askor",1.63294
2004,"askwt",-0.117414
2004,"aslao",-1.03709
2004,"aslbn",0.102694
2004,"aslka",-0.487102
2004,"asmng",-1.0904
2004,"asmys",1.03026
2004,"asomn",-0.364047
2004,"aspak",-0.830145
2004,"asphl",0.115083
2004,"asqat",-0.130224
2004,"asrus",0.591904
2004,"assau",0.0097926
2004,"assgp",1.86034
2004,"assyr",-0.784555
2004,"astha",0.674961
2004,"astjk",-0.942749
2004,"astkm",-1.23075
2004,"astur",0.216734
2004,"asuzb",-0.661449
2004,"asvnm",-0.386696
2004,"asyem",-1.47
2004,"eualb",-0.320404
2004,"euaut",1.89347
2004,"eubel",1.09913
2004,"eubgr",0.382056
2004,"eubih",0.678505
2004,"eublr",1.05024
2004,"euche",2.24244
2004,"eucze",1.58204
2004,"eudeu",2.24756
2004,"eudnk",1.2425
2004,"euesp",0.928301
2004,"euest",0.709176
2004,"eufin",1.9782
2004,"eufra",1.37623
2004,"eugbr",1.73916
2004,"eugrc",0.205379
2004,"euhrv",0.835264
2004,"euhun",1.31609
2004,"euirl",1.41759
2004,"euita",1.4467
2004,"eultu",0.457464
2004,"eulva",0.62642
2004,"eumda",0.004661
2004,"eumkd",-0.117334
2004,"eunld",0.971682
2004,"eunor",0.456881
2004,"eupol",0.946251
2004,"euprt",0.709719
2004,"eurou",0.644029
2004,"eusvk",1.1916
2004,"eusvn",1.63294
2004,"euswe",2.07528
2004,"euukr",0.579003
2004,"nacan",0.705361
2004,"nacri",0.209144
2004,"nacub",-0.221785
2004,"nadom",-0.309481
2004,"nagtm",-0.0181473
2004,"nahnd",-0.415811
2004,"najam",-0.303337
2004,"namex",1.10546
2004,"nanic",-0.817766
2004,"napan",0.439694
2004,"naslv",0.0093951
2004,"natto",-0.152211
2004,"nausa",1.61457
2004,"ocaus",-0.338425
2004,"ocnzl",0.213541
2004,"ocpng",-1.45785
2004,"saarg",-0.156799
2004,"sabol",-0.834512
2004,"sachl",-0.274654
2004,"sacol",-0.0146475
2004,"saecu",-0.972155
2004,"saper",-0.673326
2004,"sapry",-0.746405
2004,"saury",-0.183675
2004,"saven",-0.171678
2005,"afago",-1.92831
2005,"afbwa",-0.871682
2005,"afciv",-0.864092
2005,"afcmr",-1.28226
2005,"afcog",-1.49279
2005,"afdza",-1.40866
2005,"afegy",-0.307626
2005,"afeth",-1.18377
2005,"afgab",-0.971737
2005,"afgha",-0.891601
2005,"afgin",-1.41659
2005,"afken",-0.415762
2005,"aflbr",-0.482406
2005,"aflby",-0.9447
2005,"afmar",-0.432609
2005,"afmdg",-0.792138
2005,"afmli",-1.2152
2005,"afmoz",-1.23538
2005,"afmrt",-1.38939
2005,"afmus",-0.224367
2005,"afmwi",-1.30114
2005,"afnam",-0.426475
2005,"afnga",-2.36965
2005,"afsdn",-1.45605
2005,"afsen",-0.304624
2005,"aftun",-0.0138399
2005,"aftza",-1.25114
2005,"afuga",-0.8054
2005,"afzaf",0.127803
2005,"afzmb",-0.98008
2005,"afzwe",-0.704522
2005,"asare",-0.256694
2005,"asaze",-0.971125
2005,"asbgd",-1.01912
2005,"aschn",0.675947
2005,"asgeo",-0.0846956
2005,"ashkg",0.849863
2005,"asidn",-0.0678491
2005,"asind",0.128285
2005,"asirn",-0.738456
2005,"asisr",1.02193
2005,"asjor",0.14718
2005,"asjpn",2.58229
2005,"askaz",-0.379831
2005,"askgz",-0.613162
2005,"askhm",-1.3176
2005,"askor",1.66417
2005,"askwt",-0.285177
2005,"aslao",-0.968816
2005,"aslbn",0.2867
2005,"aslka",-0.496702
2005,"asmng",-0.802037
2005,"asmys",0.905804
2005,"asomn",-0.263843
2005,"aspak",-0.678319
2005,"asphl",0.0800698
2005,"asqat",-0.657989
2005,"asrus",0.622396
2005,"assau",0.074287
2005,"assgp",1.63234
2005,"assyr",-0.671552
2005,"astha",0.62603
2005,"astjk",-0.719973
2005,"astkm",-1.18789
2005,"astur",0.261651
2005,"asuzb",-0.695818
2005,"asvnm",-0.472767
2005,"asyem",-1.14422
2005,"eualb",-0.318308
2005,"euaut",1.91666
2005,"eubel",1.17112
2005,"eubgr",0.31953
2005,"eubih",0.493908
2005,"eublr",1.05647
2005,"euche",2.1282
2005,"eucze",1.63837
2005,"eudeu",2.13201
2005,"eudnk",1.27804
2005,"euesp",0.929307
2005,"euest",0.834483
2005,"eufin",1.91958
2005,"eufra",1.47854
2005,"eugbr",1.70844
2005,"eugrc",0.157571
2005,"euhrv",0.835547
2005,"euhun",1.31278
2005,"euirl",1.4449
2005,"euita",1.41298
2005,"eultu",0.682985
2005,"eulva",0.6768
2005,"eumda",-0.0088689
2005,"eumkd",-0.17947
2005,"eunld",1.05175
2005,"eunor",0.786443
2005,"eupol",0.966865
2005,"euprt",0.592206
2005,"eurou",0.658558
2005,"eusvk",1.30696
2005,"eusvn",1.62642
2005,"euswe",2.02871
2005,"euukr",0.573944
2005,"nacan",0.868196
2005,"nacri",0.212748
2005,"nacub",-0.0332375
2005,"nadom",-0.348407
2005,"nagtm",-0.210492
2005,"nahnd",-0.231615
2005,"najam",-0.362442
2005,"namex",1.167
2005,"nanic",-0.723507
2005,"napan",0.45388
2005,"naslv",-0.103219
2005,"natto",-0.133147
2005,"nausa",1.58606
2005,"ocaus",-0.254687
2005,"ocnzl",0.274211
2005,"ocpng",-1.78967
2005,"saarg",0.0431832
2005,"sabol",-0.987831
2005,"sachl",-0.219227
2005,"sacol",0.0016483
2005,"saecu",-0.834114
2005,"saper",-0.566789
2005,"sapry",-0.677476
2005,"saury",-0.0374541
2005,"saven",-0.0050171
2006,"afago",-1.79006
2006,"afbwa",-1.06972
2006,"afciv",-0.922128
2006,"afcmr",-1.46478
2006,"afcog",-1.64429
2006,"afdza",-1.24843
2006,"afegy",-0.348888
2006,"afeth",-1.23126
2006,"afgab",-1.19
2006,"afgha",-0.987386
2006,"afgin",-1.50223
2006,"afken",-0.327282
2006,"aflbr",-1.08749
2006,"aflby",-0.924508
2006,"afmar",-0.427558
2006,"afmdg",-0.749257
2006,"afmli",-1.23768
2006,"afmoz",-1.10315
2006,"afmrt",-1.72149
2006,"afmus",-0.278108
2006,"afmwi",-0.900955
2006,"afnam",-0.490476
2006,"afnga",-1.54329
2006,"afsdn",-1.92228
2006,"afsen",-0.480346
2006,"aftun",0.120845
2006,"aftza",-1.10054
2006,"afuga",-0.875475
2006,"afzaf",0.104621
2006,"afzmb",-1.05587
2006,"afzwe",-0.308589
2006,"asare",-0.381546
2006,"asaze",-0.799364
2006,"asbgd",-0.89449
2006,"aschn",0.815736
2006,"asgeo",0.0438916
2006,"ashkg",0.905851
2006,"asidn",-0.0387985
2006,"asind",0.171696
2006,"asirn",-0.629464
2006,"asisr",1.08307
2006,"asjor",0.0851423
2006,"asjpn",2.51793
2006,"askaz",-0.451512
2006,"askgz",-0.350795
2006,"askhm",-1.1156
2006,"askor",1.63866
2006,"askwt",-0.422257
2006,"aslao",-0.943975
2006,"aslbn",0.240166
2006,"aslka",-0.410209
2006,"asmng",-1.12333
2006,"asmys",0.887117
2006,"asomn",-0.500024
2006,"aspak",-0.676389
2006,"asphl",0.155371
2006,"asqat",0.0549884
2006,"asrus",0.640153
2006,"assau",0.0784348
2006,"assgp",1.60513
2006,"assyr",-0.499813
2006,"astha",0.693132
2006,"astjk",-1.13839
2006,"astkm",-1.30917
2006,"astur",0.207597
2006,"asuzb",-0.68671
2006,"asvnm",-0.255178
2006,"asyem",-1.00233
2006,"eualb",-0.49914
2006,"euaut",1.8761
2006,"eubel",1.16198
2006,"eubgr",0.426491
2006,"eubih",0.505091
2006,"eublr",1.01601
2006,"euche",2.09767
2006,"eucze",1.65191
2006,"eudeu",2.15098
2006,"eudnk",1.20214
2006,"euesp",0.915851
2006,"euest",0.767365
2006,"eufin",1.87038
2006,"eufra",1.41387
2006,"eugbr",1.86746
2006,"eugrc",0.119851
2006,"euhrv",0.952345
2006,"euhun",1.46558
2006,"euirl",1.43707
2006,"euita",1.37663
2006,"eultu",0.638888
2006,"eulva",0.552176
2006,"eumda",-0.0616527
2006,"eumkd",-0.201787
2006,"eunld",1.04582
2006,"eunor",0.801761
2006,"eupol",1.06149
2006,"euprt",0.630455
2006,"eurou",0.701114
2006,"eusvk",1.35213
2006,"eusvn",1.58344
2006,"euswe",1.96475
2006,"euukr",0.556052
2006,"nacan",0.74579
2006,"nacri",0.183984
2006,"nacub",0.360038
2006,"nadom",-0.395752
2006,"nagtm",0.004446
2006,"nahnd",-0.232589
2006,"najam",-0.326299
2006,"namex",1.14522
2006,"nanic",-0.954677
2006,"napan",0.663385
2006,"naslv",-0.133418
2006,"natto",-0.234286
2006,"nausa",1.5228
2006,"ocaus",-0.370894
2006,"ocnzl",0.19554
2006,"ocpng",-1.68906
2006,"saarg",-0.0939059
2006,"sabol",-0.962638
2006,"sachl",-0.186316
2006,"sacol",0.0426336
2006,"saecu",-0.733946
2006,"saper",-0.629093
2006,"sapry",-0.722441
2006,"saury",-0.0823001
2006,"saven",-0.438732
2007,"afago",-1.6949
2007,"afbwa",-0.709298
2007,"afciv",-0.972028
2007,"afcmr",-1.4139
2007,"afcog",-1.84609
2007,"afdza",-1.6947
2007,"afegy",-0.421899
2007,"afeth",-1.0556
2007,"afgab",-1.3498
2007,"afgha",-0.847938
2007,"afgin",-1.5208
2007,"afken",-0.497309
2007,"aflbr",-1.1004
2007,"aflby",-1.454
2007,"afmar",-0.305829
2007,"afmdg",-0.669719
2007,"afmli",-1.432
2007,"afmoz",-1.2466
2007,"afmrt",-1.83169
2007,"afmus",-0.361039
2007,"afmwi",-1.0921
2007,"afnam",-0.545939
2007,"afnga",-1.7496
2007,"afsdn",-2.16969
2007,"afsen",-0.373349
2007,"aftun",0.283629
2007,"aftza",-0.887038
2007,"afuga",-0.678939
2007,"afzaf",0.135499
2007,"afzmb",-0.579629
2007,"afzwe",-0.437729
2007,"asare",-0.330549
2007,"asaze",-0.813568
2007,"asbgd",-0.778518
2007,"aschn",0.791568
2007,"asgeo",-0.22939
2007,"ashkg",0.838057
2007,"asidn",-0.0968101
2007,"asind",0.173629
2007,"asirn",-0.832178
2007,"asisr",1.1191
2007,"asjor",0.200849
2007,"asjpn",2.33879
2007,"askaz",-0.520409
2007,"askgz",-0.10781
2007,"askhm",-1.0221
2007,"askor",1.4932
2007,"askwt",-0.16193
2007,"aslao",-0.830848
2007,"aslbn",0.436888
2007,"aslka",-0.349769
2007,"asmng",-1.037
2007,"asmys",0.656868
2007,"asomn",-0.436559
2007,"aspak",-0.651098
2007,"asphl",0.0004219
2007,"asqat",-0.20686
2007,"asrus",0.482498
2007,"assau",-0.368159
2007,"assgp",1.3602
2007,"assyr",-0.344579
2007,"astha",0.708738
2007,"astjk",-1.0331
2007,"astkm",-1.2424
2007,"astur",0.366959
2007,"asuzb",-0.451459
2007,"asvnm",-0.31273
2007,"asyem",-1.1655
2007,"eualb",-0.286469
2007,"euaut",1.85319
2007,"eubel",1.1726
2007,"eubgr",0.566168
2007,"eubih",0.639118
2007,"eublr",1.1241
2007,"euche",1.98159
2007,"eucze",1.64929
2007,"eudeu",2.05189
2007,"eudnk",1.2141
2007,"euesp",0.991027
2007,"euest",0.850357
2007,"eufin",1.96379
2007,"eufra",1.4051
2007,"eugbr",1.63979
2007,"eugrc",0.242029
2007,"euhrv",0.933807
2007,"euhun",1.495
2007,"euirl",1.1793
2007,"euita",1.382
2007,"eultu",0.760978
2007,"eulva",0.639798
2007,"eumda",0.313449
2007,"eumkd",0.0007519
2007,"eunld",1.033
2007,"eunor",0.760728
2007,"eupol",1.0938
2007,"euprt",0.709888
2007,"eurou",0.904527
2007,"eusrb",0.680758
2007,"eusvk",1.3022
2007,"eusvn",1.53209
2007,"euswe",1.94439
2007,"euukr",0.616758
2007,"nacan",0.639908
2007,"nacri",0.200439
2007,"nacub",-0.575049
2007,"nadom",-0.0801741
2007,"nagtm",-0.12565
2007,"nahnd",-0.29232
2007,"najam",-0.583829
2007,"namex",1.063
2007,"nanic",-0.735288
2007,"napan",0.565018
2007,"naslv",-0.10363
2007,"natto",-0.0898931
2007,"nausa",1.4278
2007,"ocaus",-0.25423
2007,"ocnzl",0.363439
2007,"ocpng",-1.7709
2007,"saarg",0.0406665
2007,"sabol",-0.921658
2007,"sachl",-0.17698
2007,"sacol",0.123749
2007,"saecu",-0.876178
2007,"saper",-0.565059
2007,"sapry",-0.538199
2007,"saury",0.0165806
2007,"saven",-0.739018
2008,"afago",-1.8053
2008,"afbwa",-0.664258
2008,"afciv",-0.915968
2008,"afcmr",-1.4538
2008,"afcog",-1.7687
2008,"afdza",-1.2425
2008,"afegy",-0.0464688
2008,"afeth",-0.936418
2008,"afgab",-1.4096
2008,"afgha",-0.919498
2008,"afgin",-1.5018
2008,"afken",-0.308719
2008,"aflbr",-1.1694
2008,"aflby",-1.3325
2008,"afmar",-0.442448
2008,"afmdg",-0.635338
2008,"afmli",-1.1434
2008,"afmoz",-1.1293
2008,"afmrt",-1.9608
2008,"afmus",-0.345299
2008,"afmwi",-1.0718
2008,"afnam",-0.304709
2008,"afnga",-1.4491
2008,"afsdn",-1.8114
2008,"afsen",-0.314649
2008,"aftun",0.273881
2008,"aftza",-0.678358
2008,"afuga",-0.527829
2008,"afzaf",0.109421
2008,"afzmb",-0.978238
2008,"afzwe",-0.358059
2008,"asare",-0.133229
2008,"asaze",-1.2781
2008,"asbgd",-0.943798
2008,"aschn",0.892281
2008,"asgeo",-0.301569
2008,"ashkg",1.0277
2008,"asidn",-0.0322018
2008,"asind",0.230391
2008,"asirn",-1.278
2008,"asisr",1.1731
2008,"asjor",0.305741
2008,"asjpn",2.3661
2008,"askaz",-0.644218
2008,"askgz",-0.268949
2008,"askhm",-0.739998
2008,"askor",1.4915
2008,"askwt",-1.2149
2008,"aslao",-0.933878
2008,"aslbn",0.386141
2008,"aslka",-0.302029
2008,"asmng",-1.2238
2008,"asmys",0.759501
2008,"asomn",-0.639578
2008,"aspak",-0.436389
2008,"asphl",0.0063412
2008,"asqat",-0.451438
2008,"asrus",0.314181
2008,"assau",-0.213999
2008,"assgp",1.6732
2008,"assyr",-0.323549
2008,"astha",0.813651
2008,"astjk",-1.1056
2008,"astkm",-1.2568
2008,"astur",0.419061
2008,"asuzb",-0.701618
2008,"asvnm",-0.210879
2008,"asyem",-1.0798
2008,"eualb",0.0625361
2008,"euaut",1.8356
2008,"eubel",1.0917
2008,"eubgr",0.579111
2008,"eubih",0.586891
2008,"eublr",1.1241
2008,"euche",1.9709
2008,"eucze",1.6514
2008,"eudeu",2.0125
2008,"eudnk",1.2777
2008,"euesp",0.93359
2008,"euest",0.788241
2008,"eufin",1.7431
2008,"eufra",1.493
2008,"eugbr",1.584
2008,"eugrc",0.194861
2008,"euhrv",0.99066
2008,"euhun",1.4502
2008,"euirl",1.2459
2008,"euita",1.3208
2008,"eultu",0.676241
2008,"eulva",0.583601
2008,"eumda",0.243531
2008,"eumkd",-0.0489198
2008,"eunld",1.0485
2008,"eunor",0.782741
2008,"eupol",1.0255
2008,"euprt",0.688131
2008,"eurou",0.934941
2008,"eusrb",0.634831
2008,"eusvk",1.3929
2008,"eusvn",1.5428
2008,"euswe",1.8912
2008,"euukr",0.550331
2008,"nacan",0.565951
2008,"nacri",0.256631
2008,"nacub",-0.467968
2008,"nadom",-0.0928668
2008,"nagtm",-0.131779
2008,"nahnd",-0.558599
2008,"najam",-0.382309
2008,"namex",1.1561
2008,"nanic",-0.710618
2008,"napan",0.829491
2008,"naslv",0.0005425
2008,"natto",-0.335419
2008,"nausa",1.4671
2008,"ocaus",-0.350439
2008,"ocnzl",0.269411
2008,"ocpng",-1.6398
2008,"saarg",0.0797291
2008,"sabol",-0.935718
2008,"sachl",-0.351429
2008,"sacol",0.179321
2008,"saecu",-0.665498
2008,"saper",-0.624618
2008,"sapry",-0.515138
2008,"saury",0.0846501
2008,"saven",-1.142
2009,"afago",-1.77293
2009,"afbwa",0.492574
2009,"afciv",-1.45135
2009,"afcmr",-1.41278
2009,"afcog",-1.7126
2009,"afdza",-0.779444
2009,"afegy",-0.13851
2009,"afeth",-1.23045
2009,"afgab",-1.1345
2009,"afgha",-1.22394
2009,"afken",-0.327097
2009,"aflbr",-0.774031
2009,"aflby",-1.19185
2009,"afmar",-0.487263
2009,"afmdg",-1.1117
2009,"afmoz",-1.40303
2009,"afmrt",-1.83819
2009,"afmus",-0.211623
2009,"afnam",-0.572168
2009,"afnga",-2.29414
2009,"afsdn",-1.9502
2009,"aftun",0.16131
2009,"aftza",-1.02651
2009,"afzaf",0.288608
2009,"afzmb",-0.985368
2009,"asafg",0.764117
2009,"asare",0.165797
2009,"asaze",-1.29231
2009,"asbgd",-1.0668
2009,"aschn",0.762048
2009,"asgeo",-0.262448
2009,"ashkg",0.422178
2009,"asidn",-0.181814
2009,"asind",0.205178
2009,"asirn",-1.01122
2009,"asirq",-1.70367
2009,"asisr",1.0903
2009,"asjor",0.216508
2009,"asjpn",2.05808
2009,"askaz",-0.450924
2009,"askhm",-1.14899
2009,"askor",1.56496
2009,"askwt",-0.454271
2009,"aslao",-0.965898
2009,"aslbn",0.313097
2009,"aslka",-0.514551
2009,"asmmr",-1.3515
2009,"asmng",-0.70964
2009,"asmys",0.569709
2009,"asomn",-0.220398
2009,"aspak",-0.538252
2009,"asphl",0.0930817
2009,"asprk",0.695564
2009,"asqat",-0.190592
2009,"asrus",0.273984
2009,"assau",0.137277
2009,"assgp",1.6074
2009,"assyr",-0.524164
2009,"astha",0.693711
2009,"astkm",-0.745445
2009,"astur",0.374195
2009,"asuzb",-0.383365
2009,"asvnm",-0.385633
2009,"asyem",-1.43672
2009,"eualb",0.564682
2009,"euaut",1.72874
2009,"eubel",1.20746
2009,"eubgr",0.353831
2009,"eubih",0.569636
2009,"eublr",0.736654
2009,"euche",1.89076
2009,"eucze",1.55381
2009,"eudeu",1.85774
2009,"eudnk",1.29636
2009,"euesp",0.969969
2009,"euest",0.643308
2009,"eufin",1.72242
2009,"eufra",1.48649
2009,"eugbr",1.62507
2009,"eugrc",0.267714
2009,"euhrv",0.846424
2009,"euhun",1.39546
2009,"euirl",1.39667
2009,"euita",1.29447
2009,"eultu",0.530485
2009,"eulva",0.705589
2009,"eumda",-0.00129659
2009,"eumkd",-0.140257
2009,"eunld",1.11008
2009,"eunor",0.735545
2009,"eupol",1.01729
2009,"euprt",0.598529
2009,"eurou",0.626236
2009,"eusrb",0.694279
2009,"eusvk",1.33733
2009,"eusvn",1.43789
2009,"euswe",1.74779
2009,"euukr",0.580006
2009,"nacan",0.806725
2009,"nacri",0.0669498
2009,"nacub",-0.208645
2009,"nadom",-0.315015
2009,"nagtm",-0.285452
2009,"nahnd",-0.641523
2009,"najam",-0.113446
2009,"namex",0.936416
2009,"nanic",-0.871142
2009,"napan",0.270075
2009,"naslv",-0.0837416
2009,"natto",-0.373064
2009,"nausa",1.49461
2009,"ocaus",-0.4071
2009,"ocnzl",0.213973
2009,"ocpng",-1.56915
2009,"saarg",0.107103
2009,"sabol",-0.777717
2009,"sachl",-0.206601
2009,"sacol",0.281575
2009,"saecu",-0.874594
2009,"saper",-0.659849
2009,"sapry",-0.552009
2009,"saury",0.127116
2009,"saven",-0.277161
2010,"afago",-1.87124
2010,"afbwa",0.17055
2010,"afciv",-1.34274
2010,"afcmr",-1.79592
2010,"afcog",-1.7636
2010,"afdza",-0.672027
2010,"afegy",-0.0887997
2010,"afeth",-1.3795
2010,"afgab",-1.34424
2010,"afgha",-1.15461
2010,"afgin",-1.82875
2010,"afken",-0.470011
2010,"aflby",-1.20778
2010,"afmar",-0.495105
2010,"afmdg",-0.989041
2010,"afmoz",-1.33935
2010,"afmrt",-1.62822
2010,"afmus",-0.297636
2010,"afnam",-0.861699
2010,"afnga",-2.3846
2010,"afsdn",-1.66599
2010,"afsen",-0.944605
2010,"aftun",0.197864
2010,"aftza",-1.01333
2010,"afzaf",0.246145
2010,"afzmb",-0.686542
2010,"afzwe",-0.508177
2010,"asare",0.288501
2010,"asaze",-0.870441
2010,"asbgd",-1.07578
2010,"asbhr",0.285502
2010,"aschn",0.814251
2010,"asgeo",-0.329882
2010,"ashkg",0.589846
2010,"asidn",-0.171946
2010,"asind",0.178894
2010,"asirn",-0.698234
2010,"asirq",-2.51055
2010,"asisr",1.20076
2010,"asjor",0.350904
2010,"asjpn",2.10229
2010,"askaz",-0.55047
2010,"askgz",-0.511497
2010,"askhm",-1.01553
2010,"askor",1.64066
2010,"askwt",-0.0745179
2010,"aslao",-0.891555
2010,"aslbn",0.327162
2010,"aslka",-0.466585
2010,"asmmr",-1.2384
2010,"asmng",-1.12074
2010,"asmys",0.681478
2010,"asomn",-0.199692
2010,"aspak",-0.597155
2010,"asphl",0.245346
2010,"asprk",0.455979
2010,"asqat",-0.172933
2010,"asrus",0.362986
2010,"assau",0.00113061
2010,"assgp",1.57773
2010,"assyr",-0.253691
2010,"astha",0.770573
2010,"astkm",-0.618194
2010,"astur",0.482404
2010,"asuzb",-0.290409
2010,"asvnm",-0.296821
2010,"asyem",-1.42617
2010,"eualb",-0.496925
2010,"euaut",1.67758
2010,"eubel",1.19813
2010,"eubgr",0.584884
2010,"eubih",0.56569
2010,"eublr",0.677002
2010,"euche",1.87028
2010,"eucze",1.62205
2010,"eudeu",1.8533
2010,"eudnk",1.2793
2010,"euesp",1.0435
2010,"euest",0.780741
2010,"eufin",1.6622
2010,"eufra",1.49482
2010,"eugbr",1.56978
2010,"eugrc",0.297462
2010,"euhrv",0.890773
2010,"euhun",1.37646
2010,"euirl",1.34714
2010,"euita",1.34044
2010,"eultu",0.642872
2010,"eulva",0.652095
2010,"eumda",0.0408617
2010,"eumkd",-0.0134035
2010,"eunld",1.04911
2010,"eunor",0.706348
2010,"eupol",1.11744
2010,"euprt",0.675848
2010,"eurou",0.729511
2010,"eusrb",0.656775
2010,"eusvk",1.35784
2010,"eusvn",1.38118
2010,"euswe",1.68883
2010,"euukr",0.677275
2010,"nacan",0.760436
2010,"nacri",0.123126
2010,"nacub",-0.252382
2010,"nadom",-0.276047
2010,"nagtm",-0.369729
2010,"nahnd",-0.626741
2010,"namex",0.974656
2010,"nanic",-0.951469
2010,"napan",0.461147
2010,"naslv",0.00154048
2010,"natto",-0.405241
2010,"nausa",1.5166
2010,"ocaus",-0.252813
2010,"ocnzl",0.256665
2010,"ocpng",-1.44742
2010,"saarg",0.187375
2010,"sabol",-0.65513
2010,"sachl",-0.12935
2010,"sacol",0.11754
2010,"saecu",-0.634284
2010,"saper",-0.516999
2010,"sapry",-0.419531
2010,"saury",0.235205
2010,"saven",-0.478953
2011,"afago",-1.53394
2011,"afbfa",-1.4742
2011,"afciv",-0.799255
2011,"afcmr",-0.410107
2011,"afcog",-0.864032
2011,"afdza",-1.29681
2011,"afegy",-0.171478
2011,"afeth",-1.2637
2011,"afgab",-0.695079
2011,"afgha",-0.805326
2011,"afgin",1.04571
2011,"afken",-0.464187
2011,"aflby",-1.30971
2011,"afmar",-0.665896
2011,"afmdg",-1.07205
2011,"afmoz",-1.15585
2011,"afmrt",-1.59218
2011,"afmus",-0.121929
2011,"afmwi",-0.688236
2011,"afner",-0.94751
2011,"afnga",-1.32452
2011,"afsdn",-2.23657
2011,"afsen",-0.565388
2011,"aftcd",-2.1353
2011,"aftgo",-0.809237
2011,"aftun",0.0536436
2011,"aftza",-0.761178
2011,"afuga",-0.465832
2011,"afzmb",-0.526263
2011,"afzwe",-0.757742
2011,"asare",0.16629
2011,"asarm",0.580456
2011,"asaze",-0.681887
2011,"asbgd",-1.37778
2011,"asbhr",0.274021
2011,"aschn",0.893582
2011,"asgeo",-0.0773369
2011,"ashkg",0.646592
2011,"asidn",-0.289967
2011,"asirn",-0.38214
2011,"asirq",-2.23107
2011,"asisr",1.45675
2011,"asjor",0.220378
2011,"asjpn",2.33125
2011,"askaz",-0.200942
2011,"askgz",-0.486584
2011,"askhm",-1.23983
2011,"askor",1.74861
2011,"askwt",-0.688184
2011,"aslao",-1.31854
2011,"aslbn",0.264733
2011,"aslka",-0.618597
2011,"asmmr",-1.41975
2011,"asmng",-0.87875
2011,"asmys",0.968661
2011,"asomn",-0.177714
2011,"aspak",-0.634016
2011,"asphl",0.167047
2011,"asprk",0.0881985
2011,"asqat",-0.39197
2011,"asrus",0.787334
2011,"assau",0.0449149
2011,"assgp",1.7388
2011,"assyr",-0.546836
2011,"astha",0.688337
2011,"astkm",-1.45606
2011,"astur",0.492492
2011,"asuzb",-0.667397
2011,"asvnm",-0.37812
2011,"asyem",-0.987555
2011,"eualb",-0.330065
2011,"euaut",1.72242
2011,"eubgr",0.616008
2011,"eubih",0.476457
2011,"eublr",0.979208
2011,"eucze",1.71726
2011,"eudeu",1.98112
2011,"eudnk",1.29778
2011,"euesp",0.952511
2011,"euest",0.953915
2011,"eufin",1.84528
2011,"eugbr",1.79158
2011,"eugrc",0.236269
2011,"euhrv",1.00287
2011,"euhun",1.47193
2011,"euirl",1.60316
2011,"eultu",0.807657
2011,"eulva",0.801201
2011,"eumda",-0.0143412
2011,"eumkd",-0.0698345
2011,"eunld",1.22029
2011,"eupol",1.21808
2011,"euprt",0.592028
2011,"eusrb",0.57122
2011,"eusvk",1.37287
2011,"eusvn",1.63572
2011,"euswe",1.98292
2011,"euukr",0.787845
2011,"nacan",0.898468
2011,"nacri",0.149685
2011,"nacub",-0.038819
2011,"nadom",-0.297963
2011,"nagtm",-0.312526
2011,"nahnd",-0.731133
2011,"najam",-0.323894
2011,"namex",0.916825
2011,"nanic",-0.869631
2011,"napan",0.655664
2011,"naslv",-0.0856451
2011,"natto",-0.07185
2011,"nausa",1.7853
2011,"ocaus",0.125223
2011,"ocnzl",0.497474
2011,"ocpng",-1.18354
2011,"saarg",0.362831
2011,"sabol",-0.554333
2011,"sachl",0.0196926
2011,"sacol",0.10266
2011,"saecu",-0.660097
2011,"saper",-0.314948
2011,"sapry",-0.440494
2011,"saury",0.327271
2011,"saven",-0.243342
2012,"afago",-1.53394
2012,"afbfa",-1.4742
2012,"afciv",-0.799255
2012,"afcmr",-0.410107
2012,"afcog",-0.864032
2012,"afdza",-1.29681
2012,"afegy",-0.171478
2012,"afeth",-1.2637
2012,"afgab",-0.695079
2012,"afgha",-0.805326
2012,"afgin",1.04571
2012,"afken",-0.464187
2012,"aflby",-1.30971
2012,"afmar",-0.665896
2012,"afmdg",-1.07205
2012,"afmoz",-1.15585
2012,"afmrt",-1.59218
2012,"afmus",-0.121929
2012,"afmwi",-0.688236
2012,"afner",-0.94751
2012,"afnga",-1.32452
2012,"afsdn",-2.23657
2012,"afsen",-0.565388
2012,"aftcd",-2.1353
2012,"aftgo",-0.809237
2012,"aftun",0.0536436
2012,"aftza",-0.761178
2012,"afuga",-0.465832
2012,"afzmb",-0.526263
2012,"afzwe",-0.757742
2012,"asare",0.16629
2012,"asarm",0.580456
2012,"asaze",-0.681887
2012,"asbgd",-1.37778
2012,"asbhr",0.274021
2012,"aschn",0.893582
2012,"asgeo",-0.0773369
2012,"ashkg",0.646592
2012,"asidn",-0.289967
2012,"asirn",-0.38214
2012,"asirq",-2.23107
2012,"asisr",1.45675
2012,"asjor",0.220378
2012,"asjpn",2.33125
2012,"askaz",-0.200942
2012,"askgz",-0.486584
2012,"askhm",-1.23983
2012,"askor",1.74861
2012,"askwt",-0.688184
2012,"aslao",-1.31854
2012,"aslbn",0.264733
2012,"aslka",-0.618597
2012,"asmmr",-1.41975
2012,"asmng",-0.87875
2012,"asmys",0.968661
2012,"asomn",-0.177714
2012,"aspak",-0.634016
2012,"asphl",0.167047
2012,"asprk",0.0881985
2012,"asqat",-0.39197
2012,"asrus",0.787334
2012,"assau",0.0449149
2012,"assgp",1.7388
2012,"assyr",-0.546836
2012,"astha",0.688337
2012,"astkm",-1.45606
2012,"astur",0.492492
2012,"asuzb",-0.667397
2012,"asvnm",-0.37812
2012,"asyem",-0.987555
2012,"eualb",-0.330065
2012,"euaut",1.72242
2012,"eubgr",0.616008
2012,"eubih",0.476457
2012,"eublr",0.979208
2012,"eucze",1.71726
2012,"eudeu",1.98112
2012,"eudnk",1.29778
2012,"euesp",0.952511
2012,"euest",0.953915
2012,"eufin",1.84528
2012,"eugbr",1.79158
2012,"eugrc",0.236269
2012,"euhrv",1.00287
2012,"euhun",1.47193
2012,"euirl",1.60316
2012,"eultu",0.807657
2012,"eulva",0.801201
2012,"eumda",-0.0143412
2012,"eumkd",-0.0698345
2012,"eunld",1.22029
2012,"eupol",1.21808
2012,"euprt",0.592028
2012,"eusrb",0.57122
2012,"eusvk",1.37287
2012,"eusvn",1.63572
2012,"euswe",1.98292
2012,"euukr",0.787845
2012,"nacan",0.898468
2012,"nacri",0.149685
2012,"nacub",-0.038819
2012,"nadom",-0.297963
2012,"nagtm",-0.312526
2012,"nahnd",-0.731133
2012,"najam",-0.323894
2012,"namex",0.916825
2012,"nanic",-0.869631
2012,"napan",0.655664
2012,"naslv",-0.0856451
2012,"natto",-0.07185
2012,"nausa",1.7853
2012,"ocaus",0.125223
2012,"ocnzl",0.497474
2012,"ocpng",-1.18354
2012,"saarg",0.362831
2012,"sabol",-0.554333
2012,"sachl",0.0196926
2012,"sacol",0.10266
2012,"saecu",-0.660097
2012,"saper",-0.314948
2012,"sapry",-0.440494
2012,"saury",0.327271
2012,"saven",-0.243342